dataset,SpkID,Class,CV,Train,Test,Exclude
UPX,01F,1,1,1,0,0
UPX,02F,1,1,1,0,0
UPX,03F,1,1,1,0,0
UPX,04M,1,3,1,0,0
UPX,05M,1,2,1,0,0
UPX,06M,1,2,1,0,0
UPX,07M,1,3,1,0,0
UPX,08M,1,4,1,0,0
UPX,09M,1,3,1,0,0
UPX,10M,1,4,1,0,0
UPX,11M,1,2,1,0,0
UPX,12M,1,2,1,0,0
UPX,13M,1,3,1,0,0
UPX,14M,1,3,1,0,0
UPX,15M,1,2,1,0,0
UPX,16M,1,3,1,0,0
UPX,17M,1,4,1,0,0
UPX,18F,1,1,1,0,0
UPX,19M,1,4,1,0,0
UPX,20M,1,4,1,0,0
UXSSD,01M,1,2,0,1,0
UXSSD,02M,1,4,0,1,0
UXSSD,03F,1,1,0,1,0
UXSSD,04M,1,4,0,1,0
UXSSD,05M,1,2,0,1,0
UXSSD,06M,1,1,0,1,0
UXSSD,07F,1,1,0,1,0
UXSSD,08M,1,3,0,1,0
UXTD,01M,0,0,1,0,0
UXTD,02M,0,0,1,0,0
UXTD,03F,0,0,1,0,0
UXTD,04M,0,4,1,0,0
UXTD,05M,0,2,1,0,0
UXTD,06F,0,0,1,0,0
UXTD,07F,0,0,0,1,0
UXTD,08M,0,2,0,1,0
UXTD,09F,0,0,1,0,0
UXTD,10F,0,0,1,0,0
UXTD,11M,0,2,1,0,0
UXTD,12M,0,2,0,1,0
UXTD,13F,0,0,0,1,0
UXTD,14M,0,4,1,0,0
UXTD,15M,0,3,1,0,0
UXTD,16F,0,0,1,0,0
UXTD,17M,0,2,0,1,0
UXTD,18F,0,1,1,0,0
UXTD,19M,0,4,1,0,0
UXTD,20M,0,0,1,0,0
UXTD,21F,0,0,1,0,0
UXTD,22M,0,3,0,1,0
UXTD,23F,0,0,1,0,0
UXTD,24F,0,1,1,0,0
UXTD,25M,0,4,1,0,0
UXTD,26F,0,1,0,1,0
UXTD,27M,0,0,1,0,0
UXTD,28F,0,0,1,0,0
UXTD,29F,0,0,1,0,0
UXTD,30F,0,0,0,1,0
UXTD,31F,0,0,1,0,0
UXTD,32F,0,0,1,0,0
UXTD,33F,0,1,1,0,0
UXTD,34M,0,4,1,0,0
UXTD,35M,0,3,1,0,0
UXTD,36M,0,1,1,0,0
UXTD,37M,0,2,1,0,0
UXTD,38M,0,2,1,0,0
UXTD,39F,0,0,1,0,0
UXTD,40M,0,4,1,0,0
UXTD,41F,0,1,1,0,0
UXTD,42M,0,3,1,0,0
UXTD,43F,0,0,1,0,0
UXTD,44F,0,0,1,0,0
UXTD,45M,0,4,1,0,0
UXTD,46F,0,0,1,0,0
UXTD,47M,0,0,1,0,0
UXTD,48F,0,1,1,0,0
UXTD,49F,0,0,1,0,0
UXTD,50F,0,0,1,0,0
UXTD,51M,0,3,1,0,0
UXTD,52F,0,0,1,0,0
UXTD,53F,0,0,1,0,0
UXTD,54F,0,0,1,0,0
UXTD,55M,0,3,1,0,0
UXTD,56M,0,3,1,0,0
UXTD,57F,0,0,1,0,0
UXTD,58F,0,0,1,0,0
OGI,000,0,0,0,0,1
OGI,001,0,0,0,0,1
OGI,003,0,0,0,0,1
OGI,006,0,0,0,0,1
OGI,008,0,0,0,0,1
OGI,00b,0,0,0,0,1
OGI,00d,0,0,0,0,1
OGI,00e,0,0,0,0,1
OGI,00f,0,0,0,0,1
OGI,00q,0,0,0,0,1
OGI,00t,0,0,0,0,1
OGI,00w,0,0,0,0,1
OGI,00y,0,0,0,0,1
OGI,010,0,0,0,0,1
OGI,011,0,0,0,0,1
OGI,012,0,0,0,0,1
OGI,016,0,0,0,0,1
OGI,018,0,0,0,0,1
OGI,02s,0,0,0,0,1
OGI,02t,0,0,0,0,1
OGI,02v,0,0,0,0,1
OGI,02y,0,0,0,0,1
OGI,031,0,0,0,0,1
OGI,033,0,0,0,0,1
OGI,036,0,0,0,0,1
OGI,037,0,0,0,0,1
OGI,038,0,0,0,0,1
OGI,039,0,0,0,0,1
OGI,03a,0,0,0,0,1
OGI,03b,0,0,0,0,1
OGI,03c,0,0,0,0,1
OGI,03d,0,0,0,0,1
OGI,03g,0,0,0,0,1
OGI,03l,0,0,0,0,1
OGI,03q,0,0,0,0,1
OGI,03t,0,0,0,0,1
OGI,03v,0,0,0,0,1
OGI,03y,0,0,0,0,1
OGI,03z,0,0,0,0,1
OGI,104,0,0,0,0,1
OGI,105,0,0,0,0,1
OGI,106,0,0,0,0,1
OGI,107,0,0,0,0,1
OGI,109,0,0,0,0,1
OGI,10a,0,0,0,0,1
OGI,10c,0,0,0,0,1
OGI,10d,0,0,0,0,1
OGI,10e,0,0,0,0,1
OGI,10f,0,0,0,0,1
OGI,10g,0,0,0,0,1
OGI,10i,0,0,0,0,1
OGI,10k,0,0,0,0,1
OGI,10l,0,0,0,0,1
OGI,10n,0,0,0,0,1
OGI,10q,0,0,0,0,1
OGI,10r,0,0,0,0,1
OGI,10u,0,0,0,0,1
OGI,10v,0,0,0,0,1
OGI,10w,0,0,0,0,1
OGI,10x,0,0,0,0,1
OGI,10y,0,0,0,0,1
OGI,10z,0,0,0,0,1
OGI,110,0,0,0,0,1
OGI,111,0,0,0,0,1
OGI,112,0,0,0,0,1
OGI,113,0,0,0,0,1
OGI,115,0,0,0,0,1
OGI,117,0,0,0,0,1
OGI,118,0,0,0,0,1
OGI,119,0,0,0,0,1
OGI,12s,0,0,0,0,1
OGI,12u,0,0,0,0,1
OGI,12v,0,0,0,0,1
OGI,12w,0,0,0,0,1
OGI,12y,0,0,0,0,1
OGI,12z,0,0,0,0,1
OGI,130,0,0,0,0,1
OGI,131,0,0,0,0,1
OGI,133,0,0,0,0,1
OGI,134,0,0,0,0,1
OGI,135,0,0,0,0,1
OGI,136,0,0,0,0,1
OGI,137,0,0,0,0,1
OGI,13a,0,0,0,0,1
OGI,13b,0,0,0,0,1
OGI,13d,0,0,0,0,1
OGI,13i,0,0,0,0,1
OGI,13j,0,0,0,0,1
OGI,13k,0,0,0,0,1
OGI,13m,0,0,0,0,1
OGI,13p,0,0,0,0,1
OGI,13r,0,0,0,0,1
OGI,13s,0,0,0,0,1
OGI,13u,0,0,0,0,1
OGI,13v,0,0,0,0,1
OGI,13x,0,0,0,0,1
OGI,13z,0,0,0,0,1
OGI,201,0,0,0,0,1
OGI,202,0,0,0,0,1
OGI,203,0,0,0,0,1
OGI,204,0,0,0,0,1
OGI,20a,0,0,0,0,1
OGI,20g,0,0,0,0,1
OGI,20j,0,0,0,0,1
OGI,20k,0,0,0,0,1
OGI,20n,0,0,0,0,1
OGI,20o,0,0,0,0,1
OGI,20p,0,0,0,0,1
OGI,20q,0,0,0,0,1
OGI,20r,0,0,0,0,1
OGI,20u,0,0,0,0,1
OGI,20v,0,0,0,0,1
OGI,20w,0,0,0,0,1
OGI,20y,0,0,0,0,1
OGI,20z,0,0,0,0,1
OGI,210,0,0,0,0,1
OGI,211,0,0,0,0,1
OGI,212,0,0,0,0,1
OGI,213,0,0,0,0,1
OGI,216,0,0,0,0,1
OGI,219,0,0,0,0,1
OGI,21a,0,0,0,0,1
OGI,21b,0,0,0,0,1
OGI,21c,0,0,0,0,1
OGI,21d,0,0,0,0,1
OGI,21e,0,0,0,0,1
OGI,21h,0,0,0,0,1
OGI,21k,0,0,0,0,1
OGI,22v,0,0,0,0,1
OGI,22w,0,0,0,0,1
OGI,231,0,0,0,0,1
OGI,233,0,0,0,0,1
OGI,234,0,0,0,0,1
OGI,235,0,0,0,0,1
OGI,237,0,0,0,0,1
OGI,23a,0,0,0,0,1
OGI,23f,0,0,0,0,1
OGI,23j,0,0,0,0,1
OGI,23l,0,0,0,0,1
OGI,23m,0,0,0,0,1
OGI,23o,0,0,0,0,1
OGI,23t,0,0,0,0,1
OGI,23u,0,0,0,0,1
OGI,23v,0,0,0,0,1
OGI,23y,0,0,0,0,1
OGI,240,0,0,0,0,1
OGI,245,0,0,0,0,1
OGI,247,0,0,0,0,1
OGI,248,0,0,0,0,1
OGI,24c,0,0,0,0,1
OGI,303,0,0,0,0,1
OGI,305,0,0,0,0,1
OGI,307,0,0,0,0,1
OGI,308,0,0,0,0,1
OGI,30a,0,0,0,0,1
OGI,30c,0,0,0,0,1
OGI,30d,0,0,0,0,1
OGI,30e,0,0,0,0,1
OGI,30f,0,0,0,0,1
OGI,30h,0,0,0,0,1
OGI,30j,0,0,0,0,1
OGI,30k,0,0,0,0,1
OGI,30m,0,0,0,0,1
OGI,30n,0,0,0,0,1
OGI,30p,0,0,0,0,1
OGI,30r,0,0,0,0,1
OGI,30w,0,0,0,0,1
OGI,30x,0,0,0,0,1
OGI,310,0,0,0,0,1
OGI,312,0,0,0,0,1
OGI,313,0,0,0,0,1
OGI,314,0,0,0,0,1
OGI,316,0,0,0,0,1
OGI,31a,0,0,0,0,1
OGI,31b,0,0,0,0,1
OGI,31c,0,0,0,0,1
OGI,31d,0,0,0,0,1
OGI,31e,0,0,0,0,1
OGI,31h,0,0,0,0,1
OGI,31i,0,0,0,0,1
OGI,31j,0,0,0,0,1
OGI,31k,0,0,0,0,1
OGI,31l,0,0,0,0,1
OGI,31m,0,0,0,0,1
OGI,31n,0,0,0,0,1
OGI,32x,0,0,0,0,1
OGI,32y,0,0,0,0,1
OGI,32z,0,0,0,0,1
OGI,330,0,0,0,0,1
OGI,331,0,0,0,0,1
OGI,332,0,0,0,0,1
OGI,333,0,0,0,0,1
OGI,336,0,0,0,0,1
OGI,337,0,0,0,0,1
OGI,338,0,0,0,0,1
OGI,33c,0,0,0,0,1
OGI,33d,0,0,0,0,1
OGI,33g,0,0,0,0,1
OGI,33j,0,0,0,0,1
OGI,33l,0,0,0,0,1
OGI,33m,0,0,0,0,1
OGI,33o,0,0,0,0,1
OGI,33p,0,0,0,0,1
OGI,33q,0,0,0,0,1
OGI,33r,0,0,0,0,1
OGI,33t,0,0,0,0,1
OGI,33v,0,0,0,0,1
OGI,33w,0,0,0,0,1
OGI,340,0,0,0,0,1
OGI,341,0,0,0,0,1
OGI,348,0,0,0,0,1
OGI,349,0,0,0,0,1
OGI,34d,0,0,0,0,1
OGI,400,0,0,0,0,1
OGI,402,0,0,0,0,1
OGI,405,0,0,0,0,1
OGI,406,0,0,0,0,1
OGI,409,0,0,0,0,1
OGI,40a,0,0,0,0,1
OGI,40d,0,0,0,0,1
OGI,40e,0,0,0,0,1
OGI,40f,0,0,0,0,1
OGI,40g,0,0,0,0,1
OGI,40h,0,0,0,0,1
OGI,40l,0,0,0,0,1
OGI,40m,0,0,0,0,1
OGI,40q,0,0,0,0,1
OGI,40s,0,0,0,0,1
OGI,40v,0,0,0,0,1
OGI,40y,0,0,0,0,1
OGI,40z,0,0,0,0,1
OGI,410,0,0,0,0,1
OGI,411,0,0,0,0,1
OGI,412,0,0,0,0,1
OGI,414,0,0,0,0,1
OGI,415,0,0,0,0,1
OGI,419,0,0,0,0,1
OGI,42s,0,0,0,0,1
OGI,42v,0,0,0,0,1
OGI,431,0,0,0,0,1
OGI,432,0,0,0,0,1
OGI,434,0,0,0,0,1
OGI,435,0,0,0,0,1
OGI,437,0,0,0,0,1
OGI,43d,0,0,0,0,1
OGI,43e,0,0,0,0,1
OGI,43f,0,0,0,0,1
OGI,43g,0,0,0,0,1
OGI,43h,0,0,0,0,1
OGI,43k,0,0,0,0,1
OGI,43l,0,0,0,0,1
OGI,43m,0,0,0,0,1
OGI,43q,0,0,0,0,1
OGI,43r,0,0,0,0,1
OGI,43s,0,0,0,0,1
OGI,43u,0,0,0,0,1
OGI,43y,0,0,0,0,1
OGI,43z,0,0,0,0,1
OGI,440,0,0,0,0,1
OGI,442,0,0,0,0,1
OGI,500,0,0,0,0,1
OGI,501,0,0,0,0,1
OGI,505,0,0,0,0,1
OGI,506,0,0,0,0,1
OGI,507,0,0,0,0,1
OGI,509,0,0,0,0,1
OGI,50a,0,0,0,0,1
OGI,50b,0,0,0,0,1
OGI,50c,0,0,0,0,1
OGI,50g,0,0,0,0,1
OGI,50i,0,0,0,0,1
OGI,50m,0,0,0,0,1
OGI,50n,0,0,0,0,1
OGI,50o,0,0,0,0,1
OGI,50r,0,0,0,0,1
OGI,50s,0,0,0,0,1
OGI,50t,0,0,0,0,1
OGI,50u,0,0,0,0,1
OGI,50w,0,0,0,0,1
OGI,50x,0,0,0,0,1
OGI,50y,0,0,0,0,1
OGI,50z,0,0,0,0,1
OGI,511,0,0,0,0,1
OGI,513,0,0,0,0,1
OGI,515,0,0,0,0,1
OGI,52s,0,0,0,0,1
OGI,52v,0,0,0,0,1
OGI,52w,0,0,0,0,1
OGI,531,0,0,0,0,1
OGI,532,0,0,0,0,1
OGI,535,0,0,0,0,1
OGI,536,0,0,0,0,1
OGI,538,0,0,0,0,1
OGI,539,0,0,0,0,1
OGI,53b,0,0,0,0,1
OGI,53d,0,0,0,0,1
OGI,53j,0,0,0,0,1
OGI,53m,0,0,0,0,1
OGI,53p,0,0,0,0,1
OGI,53q,0,0,0,0,1
OGI,53t,0,0,0,0,1
OGI,53u,0,0,0,0,1
OGI,53v,0,0,0,0,1
OGI,53y,0,0,0,0,1
OGI,53z,0,0,0,0,1
OGI,541,0,0,0,0,1
OGI,545,0,0,0,0,1
OGI,548,0,0,0,0,1
OGI,54d,0,0,0,0,1
OGI,600,0,0,0,0,1
OGI,605,0,0,0,0,1
OGI,606,0,0,0,0,1
OGI,607,0,0,0,0,1
OGI,609,0,0,0,0,1
OGI,60d,0,0,0,0,1
OGI,60e,0,0,0,0,1
OGI,60f,0,0,0,0,1
OGI,60g,0,0,0,0,1
OGI,60h,0,0,0,0,1
OGI,60k,0,0,0,0,1
OGI,60o,0,0,0,0,1
OGI,60p,0,0,0,0,1
OGI,60s,0,0,0,0,1
OGI,60v,0,0,0,0,1
OGI,60w,0,0,0,0,1
OGI,60x,0,0,0,0,1
OGI,60y,0,0,0,0,1
OGI,614,0,0,0,0,1
OGI,615,0,0,0,0,1
OGI,616,0,0,0,0,1
OGI,618,0,0,0,0,1
OGI,61a,0,0,0,0,1
OGI,61e,0,0,0,0,1
OGI,61f,0,0,0,0,1
OGI,61g,0,0,0,0,1
OGI,61i,0,0,0,0,1
OGI,61k,0,0,0,0,1
OGI,61l,0,0,0,0,1
OGI,61m,0,0,0,0,1
OGI,62s,0,0,0,0,1
OGI,62t,0,0,0,0,1
OGI,62u,0,0,0,0,1
OGI,62v,0,0,0,0,1
OGI,62w,0,0,0,0,1
OGI,62x,0,0,0,0,1
OGI,62y,0,0,0,0,1
OGI,62z,0,0,0,0,1
OGI,630,0,0,0,0,1
OGI,631,0,0,0,0,1
OGI,632,0,0,0,0,1
OGI,633,0,0,0,0,1
OGI,634,0,0,0,0,1
OGI,635,0,0,0,0,1
OGI,636,0,0,0,0,1
OGI,637,0,0,0,0,1
OGI,638,0,0,0,0,1
OGI,639,0,0,0,0,1
OGI,63a,0,0,0,0,1
OGI,63b,0,0,0,0,1
OGI,63c,0,0,0,0,1
OGI,63d,0,0,0,0,1
OGI,63e,0,0,0,0,1
OGI,63f,0,0,0,0,1
OGI,63g,0,0,0,0,1
OGI,63h,0,0,0,0,1
OGI,63i,0,0,0,0,1
OGI,701,0,0,0,0,1
OGI,707,0,0,0,0,1
OGI,709,0,0,0,0,1
OGI,70a,0,0,0,0,1
OGI,70c,0,0,0,0,1
OGI,70d,0,0,0,0,1
OGI,70e,0,0,0,0,1
OGI,70f,0,0,0,0,1
OGI,70g,0,0,0,0,1
OGI,70h,0,0,0,0,1
OGI,70i,0,0,0,0,1
OGI,70k,0,0,0,0,1
OGI,70o,0,0,0,0,1
OGI,70p,0,0,0,0,1
OGI,70t,0,0,0,0,1
OGI,70v,0,0,0,0,1
OGI,70x,0,0,0,0,1
OGI,70z,0,0,0,0,1
OGI,712,0,0,0,0,1
OGI,713,0,0,0,0,1
OGI,715,0,0,0,0,1
OGI,717,0,0,0,0,1
OGI,719,0,0,0,0,1
OGI,71a,0,0,0,0,1
OGI,71d,0,0,0,0,1
OGI,72s,0,0,0,0,1
OGI,72t,0,0,0,0,1
OGI,72u,0,0,0,0,1
OGI,72v,0,0,0,0,1
OGI,72w,0,0,0,0,1
OGI,72x,0,0,0,0,1
OGI,72y,0,0,0,0,1
OGI,72z,0,0,0,0,1
OGI,730,0,0,0,0,1
OGI,731,0,0,0,0,1
OGI,732,0,0,0,0,1
OGI,733,0,0,0,0,1
OGI,734,0,0,0,0,1
OGI,735,0,0,0,0,1
OGI,736,0,0,0,0,1
OGI,737,0,0,0,0,1
OGI,738,0,0,0,0,1
OGI,739,0,0,0,0,1
OGI,73a,0,0,0,0,1
OGI,73b,0,0,0,0,1
OGI,73c,0,0,0,0,1
OGI,803,0,0,0,0,1
OGI,804,0,0,0,0,1
OGI,805,0,0,0,0,1
OGI,807,0,0,0,0,1
OGI,808,0,0,0,0,1
OGI,80a,0,0,0,0,1
OGI,80b,0,0,0,0,1
OGI,80d,0,0,0,0,1
OGI,80e,0,0,0,0,1
OGI,80f,0,0,0,0,1
OGI,80g,0,0,0,0,1
OGI,80h,0,0,0,0,1
OGI,80i,0,0,0,0,1
OGI,80o,0,0,0,0,1
OGI,80q,0,0,0,0,1
OGI,80r,0,0,0,0,1
OGI,80v,0,0,0,0,1
OGI,80w,0,0,0,0,1
OGI,80x,0,0,0,0,1
OGI,810,0,0,0,0,1
OGI,814,0,0,0,0,1
OGI,815,0,0,0,0,1
OGI,816,0,0,0,0,1
OGI,817,0,0,0,0,1
OGI,818,0,0,0,0,1
OGI,819,0,0,0,0,1
OGI,81a,0,0,0,0,1
OGI,81b,0,0,0,0,1
OGI,81c,0,0,0,0,1
OGI,82s,0,0,0,0,1
OGI,82u,0,0,0,0,1
OGI,82w,0,0,0,0,1
OGI,831,0,0,0,0,1
OGI,832,0,0,0,0,1
OGI,834,0,0,0,0,1
OGI,839,0,0,0,0,1
OGI,83a,0,0,0,0,1
OGI,83c,0,0,0,0,1
OGI,83f,0,0,0,0,1
OGI,83j,0,0,0,0,1
OGI,83k,0,0,0,0,1
OGI,83l,0,0,0,0,1
OGI,83p,0,0,0,0,1
OGI,83q,0,0,0,0,1
OGI,83s,0,0,0,0,1
OGI,83u,0,0,0,0,1
OGI,83v,0,0,0,0,1
OGI,83w,0,0,0,0,1
OGI,842,0,0,0,0,1
OGI,900,0,0,0,0,1
OGI,901,0,0,0,0,1
OGI,904,0,0,0,0,1
OGI,905,0,0,0,0,1
OGI,907,0,0,0,0,1
OGI,909,0,0,0,0,1
OGI,90b,0,0,0,0,1
OGI,90c,0,0,0,0,1
OGI,90d,0,0,0,0,1
OGI,90f,0,0,0,0,1
OGI,90g,0,0,0,0,1
OGI,90n,0,0,0,0,1
OGI,90p,0,0,0,0,1
OGI,90r,0,0,0,0,1
OGI,90t,0,0,0,0,1
OGI,90x,0,0,0,0,1
OGI,90z,0,0,0,0,1
OGI,910,0,0,0,0,1
OGI,911,0,0,0,0,1
OGI,916,0,0,0,0,1
OGI,918,0,0,0,0,1
OGI,919,0,0,0,0,1
OGI,91a,0,0,0,0,1
OGI,91c,0,0,0,0,1
OGI,91d,0,0,0,0,1
OGI,91f,0,0,0,0,1
OGI,91i,0,0,0,0,1
OGI,92t,0,0,0,0,1
OGI,92w,0,0,0,0,1
OGI,92x,0,0,0,0,1
OGI,92y,0,0,0,0,1
OGI,930,0,0,0,0,1
OGI,931,0,0,0,0,1
OGI,932,0,0,0,0,1
OGI,933,0,0,0,0,1
OGI,934,0,0,0,0,1
OGI,935,0,0,0,0,1
OGI,936,0,0,0,0,1
OGI,937,0,0,0,0,1
OGI,938,0,0,0,0,1
OGI,93h,0,0,0,0,1
OGI,93i,0,0,0,0,1
OGI,93j,0,0,0,0,1
OGI,93k,0,0,0,0,1
OGI,93l,0,0,0,0,1
OGI,93m,0,0,0,0,1
OGI,93n,0,0,0,0,1
OGI,93o,0,0,0,0,1
OGI,93p,0,0,0,0,1
OGI,93q,0,0,0,0,1
OGI,93r,0,0,0,0,1
OGI,93s,0,0,0,0,1
OGI,93t,0,0,0,0,1
OGI,93u,0,0,0,0,1
OGI,93v,0,0,0,0,1
OGI,93w,0,0,0,0,1
OGI,93x,0,0,0,0,1
OGI,93y,0,0,0,0,1
OGI,93z,0,0,0,0,1
OGI,940,0,0,0,0,1
OGI,941,0,0,0,0,1
OGI,942,0,0,0,0,1
OGI,943,0,0,0,0,1
OGI,944,0,0,0,0,1
OGI,945,0,0,0,0,1
OGI,946,0,0,0,0,1
OGI,947,0,0,0,0,1
OGI,948,0,0,0,0,1
OGI,949,0,0,0,0,1
OGI,a00,0,0,0,0,1
OGI,a03,0,0,0,0,1
OGI,a05,0,0,0,0,1
OGI,a06,0,0,0,0,1
OGI,a08,0,0,0,0,1
OGI,a09,0,0,0,0,1
OGI,a0b,0,0,0,0,1
OGI,a0d,0,0,0,0,1
OGI,a0g,0,0,0,0,1
OGI,a0i,0,0,0,0,1
OGI,a0j,0,0,0,0,1
OGI,a0m,0,0,0,0,1
OGI,a0n,0,0,0,0,1
OGI,a0o,0,0,0,0,1
OGI,a0q,0,0,0,0,1
OGI,a0r,0,0,0,0,1
OGI,a0s,0,0,0,0,1
OGI,a0u,0,0,0,0,1
OGI,a0w,0,0,0,0,1
OGI,a0y,0,0,0,0,1
OGI,a0z,0,0,0,0,1
OGI,a11,0,0,0,0,1
OGI,a12,0,0,0,0,1
OGI,a13,0,0,0,0,1
OGI,a16,0,0,0,0,1
OGI,a19,0,0,0,0,1
OGI,a1d,0,0,0,0,1
OGI,a2s,0,0,0,0,1
OGI,a2u,0,0,0,0,1
OGI,a2y,0,0,0,0,1
OGI,a2z,0,0,0,0,1
OGI,a30,0,0,0,0,1
OGI,a31,0,0,0,0,1
OGI,a32,0,0,0,0,1
OGI,a33,0,0,0,0,1
OGI,a34,0,0,0,0,1
OGI,a35,0,0,0,0,1
OGI,a36,0,0,0,0,1
OGI,a37,0,0,0,0,1
OGI,a38,0,0,0,0,1
OGI,a39,0,0,0,0,1
OGI,a3a,0,0,0,0,1
OGI,a3b,0,0,0,0,1
OGI,a3c,0,0,0,0,1
OGI,a3d,0,0,0,0,1
OGI,a3e,0,0,0,0,1
OGI,a3f,0,0,0,0,1
OGI,a3g,0,0,0,0,1
OGI,a3h,0,0,0,0,1
OGI,a3i,0,0,0,0,1
OGI,a3j,0,0,0,0,1
OGI,a3k,0,0,0,0,1
OGI,a3l,0,0,0,0,1
OGI,a3m,0,0,0,0,1
OGI,a3n,0,0,0,0,1
OGI,a3o,0,0,0,0,1
OGI,a3p,0,0,0,0,1
OGI,a3q,0,0,0,0,1
OGI,a3r,0,0,0,0,1
OGI,a3s,0,0,0,0,1
OGI,a3t,0,0,0,0,1
OGI,a3u,0,0,0,0,1
OGI,a3v,0,0,0,0,1
OGI,a3w,0,0,0,0,1
OGI,a3x,0,0,0,0,1
OGI,a3y,0,0,0,0,1
OGI,a3z,0,0,0,0,1
OGI,a40,0,0,0,0,1
OGI,a41,0,0,0,0,1
OGI,a42,0,0,0,0,1
OGI,a43,0,0,0,0,1
OGI,a45,0,0,0,0,1
OGI,a46,0,0,0,0,1
OGI,a47,0,0,0,0,1
OGI,a48,0,0,0,0,1
OGI,b02,0,0,0,0,1
OGI,b04,0,0,0,0,1
OGI,b05,0,0,0,0,1
OGI,b07,0,0,0,0,1
OGI,b09,0,0,0,0,1
OGI,b0a,0,0,0,0,1
OGI,b0c,0,0,0,0,1
OGI,b0g,0,0,0,0,1
OGI,b0h,0,0,0,0,1
OGI,b0i,0,0,0,0,1
OGI,b0j,0,0,0,0,1
OGI,b0k,0,0,0,0,1
OGI,b0l,0,0,0,0,1
OGI,b0m,0,0,0,0,1
OGI,b0n,0,0,0,0,1
OGI,b0o,0,0,0,0,1
OGI,b0p,0,0,0,0,1
OGI,b0s,0,0,0,0,1
OGI,b0u,0,0,0,0,1
OGI,b0v,0,0,0,0,1
OGI,b0x,0,0,0,0,1
OGI,b0z,0,0,0,0,1
OGI,b13,0,0,0,0,1
OGI,b14,0,0,0,0,1
OGI,b15,0,0,0,0,1
OGI,b17,0,0,0,0,1
OGI,b2u,0,0,0,0,1
OGI,b2w,0,0,0,0,1
OGI,b2x,0,0,0,0,1
OGI,b2z,0,0,0,0,1
OGI,b30,0,0,0,0,1
OGI,b32,0,0,0,0,1
OGI,b34,0,0,0,0,1
OGI,b35,0,0,0,0,1
OGI,b3e,0,0,0,0,1
OGI,b3f,0,0,0,0,1
OGI,b3h,0,0,0,0,1
OGI,b3i,0,0,0,0,1
OGI,b3j,0,0,0,0,1
OGI,b3k,0,0,0,0,1
OGI,b3m,0,0,0,0,1
OGI,b3n,0,0,0,0,1
OGI,b3o,0,0,0,0,1
OGI,b3p,0,0,0,0,1
OGI,b3r,0,0,0,0,1
OGI,b3s,0,0,0,0,1
OGI,b3u,0,0,0,0,1
OGI,b3w,0,0,0,0,1
OGI,b3x,0,0,0,0,1
OGI,c00,0,0,0,0,1
OGI,c01,0,0,0,0,1
OGI,c02,0,0,0,0,1
OGI,c03,0,0,0,0,1
OGI,c08,0,0,0,0,1
OGI,c0b,0,0,0,0,1
OGI,c0h,0,0,0,0,1
OGI,c0j,0,0,0,0,1
OGI,c0m,0,0,0,0,1
OGI,c0o,0,0,0,0,1
OGI,c0p,0,0,0,0,1
OGI,c0s,0,0,0,0,1
OGI,c0t,0,0,0,0,1
OGI,c14,0,0,0,0,1
OGI,c16,0,0,0,0,1
OGI,c2t,0,0,0,0,1
OGI,c2x,0,0,0,0,1
OGI,c32,0,0,0,0,1
OGI,c38,0,0,0,0,1
OGI,c39,0,0,0,0,1
OGI,c3c,0,0,0,0,1
OGI,c3e,0,0,0,0,1
OGI,c3f,0,0,0,0,1
OGI,c3g,0,0,0,0,1
OGI,c3l,0,0,0,0,1
OGI,c3n,0,0,0,0,1
OGI,c3o,0,0,0,0,1
OGI,c3q,0,0,0,0,1
OGI,c3t,0,0,0,0,1
OGI,c3w,0,0,0,0,1
OGI,c3y,0,0,0,0,1
OGI,d00,0,0,0,0,1
OGI,d05,0,0,0,0,1
OGI,d06,0,0,0,0,1
OGI,d07,0,0,0,0,1
OGI,d08,0,0,0,0,1
OGI,d09,0,0,0,0,1
OGI,d0b,0,0,0,0,1
OGI,d0c,0,0,0,0,1
OGI,d0d,0,0,0,0,1
OGI,d0e,0,0,0,0,1
OGI,d0f,0,0,0,0,1
OGI,d0h,0,0,0,0,1
OGI,d0i,0,0,0,0,1
OGI,d0l,0,0,0,0,1
OGI,d0m,0,0,0,0,1
OGI,d0s,0,0,0,0,1
OGI,d0t,0,0,0,0,1
OGI,d0x,0,0,0,0,1
OGI,d14,0,0,0,0,1
OGI,d15,0,0,0,0,1
OGI,d17,0,0,0,0,1
OGI,d18,0,0,0,0,1
OGI,d1f,0,0,0,0,1
OGI,d1g,0,0,0,0,1
OGI,d1i,0,0,0,0,1
OGI,d1j,0,0,0,0,1
OGI,d2s,0,0,0,0,1
OGI,d2t,0,0,0,0,1
OGI,d2u,0,0,0,0,1
OGI,d2x,0,0,0,0,1
OGI,d2y,0,0,0,0,1
OGI,d2z,0,0,0,0,1
OGI,d30,0,0,0,0,1
OGI,d32,0,0,0,0,1
OGI,d36,0,0,0,0,1
OGI,d38,0,0,0,0,1
OGI,d39,0,0,0,0,1
OGI,d3b,0,0,0,0,1
OGI,d3c,0,0,0,0,1
OGI,d3d,0,0,0,0,1
OGI,d3e,0,0,0,0,1
OGI,d3g,0,0,0,0,1
OGI,d3h,0,0,0,0,1
OGI,d3i,0,0,0,0,1
OGI,d3k,0,0,0,0,1
OGI,d3n,0,0,0,0,1
OGI,d3p,0,0,0,0,1
OGI,d3q,0,0,0,0,1
OGI,d3r,0,0,0,0,1
OGI,d3s,0,0,0,0,1
OGI,d3w,0,0,0,0,1
OGI,d3x,0,0,0,0,1
OGI,d3z,0,0,0,0,1
OGI,d41,0,0,0,0,1
OGI,d42,0,0,0,0,1
OGI,d43,0,0,0,0,1
OGI,d44,0,0,0,0,1
OGI,d46,0,0,0,0,1
OGI,d49,0,0,0,0,1
OGI,d4a,0,0,0,0,1
OGI,d4b,0,0,0,0,1
OGI,e00,0,0,0,0,0
OGI,e02,0,0,0,0,0
OGI,e04,0,0,0,0,0
OGI,e06,0,0,0,0,0
OGI,e09,0,0,0,0,0
OGI,e0b,0,0,0,0,0
OGI,e0g,0,0,0,0,0
OGI,e0i,0,0,0,0,0
OGI,e0l,0,0,0,0,0
OGI,e0o,0,0,0,0,0
OGI,e0q,0,0,0,0,0
OGI,e0s,0,0,0,0,0
OGI,e0t,0,0,0,0,0
OGI,e0u,0,0,0,0,0
OGI,e0v,0,0,0,0,1
OGI,e0y,0,0,0,0,1
OGI,e11,0,0,0,0,1
OGI,e15,0,0,0,0,1
OGI,e17,0,0,0,0,1
OGI,e19,0,0,0,0,1
OGI,e1f,0,0,0,0,1
OGI,e1g,0,0,0,0,1
OGI,e2s,0,0,0,0,1
OGI,e2t,0,0,0,0,1
OGI,e2u,0,0,0,0,1
OGI,e2v,0,0,0,0,1
OGI,e2w,0,0,0,0,1
OGI,e34,0,0,0,0,1
OGI,e35,0,0,0,0,1
OGI,e39,0,0,0,0,1
OGI,e3a,0,0,0,0,1
OGI,e3b,0,0,0,0,1
OGI,e3e,0,0,0,0,1
OGI,e3f,0,0,0,0,1
OGI,e3h,0,0,0,0,1
OGI,e3i,0,0,0,0,1
OGI,e3k,0,0,0,0,1
OGI,e3n,0,0,0,0,1
OGI,e3s,0,0,0,0,1
OGI,e3u,0,0,0,0,1
OGI,e3x,0,0,0,0,1
OGI,e3y,0,0,0,0,1
OGI,e3z,0,0,0,0,1
OGI,e42,0,0,0,0,1
OGI,e43,0,0,0,0,1
OGI,e44,0,0,0,0,1
OGI,e45,0,0,0,0,1
OGI,e46,0,0,0,0,1
OGI,e47,0,0,0,0,1
OGI,e4a,0,0,0,0,1
OGI,e4b,0,0,0,0,1
OGI,e4c,0,0,0,0,1
OGI,f01,0,0,0,0,0
OGI,f03,0,0,0,0,0
OGI,f04,0,0,0,0,0
OGI,f07,0,0,0,0,0
OGI,f08,0,0,0,0,0
OGI,f0b,0,0,0,0,0
OGI,f0c,0,0,0,0,0
OGI,f0i,0,0,0,0,0
OGI,f0k,0,0,0,0,0
OGI,f0n,0,0,0,0,0
OGI,f0p,0,0,0,0,0
OGI,f0r,0,0,0,0,0
OGI,f0t,0,0,0,0,0
OGI,f0u,0,0,0,0,0
OGI,f0w,0,0,0,0,0
OGI,f0x,0,0,0,0,1
OGI,f13,0,0,0,0,1
OGI,f16,0,0,0,0,1
OGI,f17,0,0,0,0,1
OGI,f18,0,0,0,0,1
OGI,f2t,0,0,0,0,1
OGI,f2u,0,0,0,0,1
OGI,f2w,0,0,0,0,1
OGI,f2x,0,0,0,0,1
OGI,f2y,0,0,0,0,1
OGI,f2z,0,0,0,0,1
OGI,f30,0,0,0,0,1
OGI,f33,0,0,0,0,1
OGI,f36,0,0,0,0,1
OGI,f38,0,0,0,0,1
OGI,f39,0,0,0,0,1
OGI,f3a,0,0,0,0,1
OGI,f3b,0,0,0,0,1
OGI,f3c,0,0,0,0,1
OGI,f3i,0,0,0,0,1
OGI,f3j,0,0,0,0,1
OGI,f3n,0,0,0,0,1
OGI,f3o,0,0,0,0,1
OGI,f3p,0,0,0,0,1
OGI,f3t,0,0,0,0,1
OGI,f3v,0,0,0,0,1
OGI,f3w,0,0,0,0,1
OGI,f3x,0,0,0,0,1
OGI,f41,0,0,0,0,1
OGI,g02,0,0,0,0,0
OGI,g03,0,0,0,0,0
OGI,g04,0,0,0,0,0
OGI,g08,0,0,0,0,0
OGI,g0d,0,0,0,0,0
OGI,g0e,0,0,0,0,0
OGI,g0f,0,0,0,0,0
OGI,g0h,0,0,0,0,0
OGI,g0j,0,0,0,0,0
OGI,g0k,0,0,0,0,0
OGI,g0l,0,0,0,0,0
OGI,g0p,0,0,0,0,0
OGI,g0q,0,0,0,0,0
OGI,g0v,0,0,0,0,0
OGI,g10,0,0,0,0,0
OGI,g12,0,0,0,0,1
OGI,g14,0,0,0,0,1
OGI,g2t,0,0,0,0,1
OGI,g2u,0,0,0,0,1
OGI,g2x,0,0,0,0,1
OGI,g2y,0,0,0,0,1
OGI,g2z,0,0,0,0,1
OGI,g30,0,0,0,0,1
OGI,g33,0,0,0,0,1
OGI,g34,0,0,0,0,1
OGI,g37,0,0,0,0,1
OGI,g3a,0,0,0,0,1
OGI,g3c,0,0,0,0,1
OGI,g3e,0,0,0,0,1
OGI,g3f,0,0,0,0,1
OGI,g3g,0,0,0,0,1
OGI,g3h,0,0,0,0,1
OGI,g3i,0,0,0,0,1
OGI,g3k,0,0,0,0,1
OGI,g3l,0,0,0,0,1
OGI,g3n,0,0,0,0,1
OGI,g3o,0,0,0,0,1
OGI,g3r,0,0,0,0,1
OGI,g3w,0,0,0,0,1
OGI,g3x,0,0,0,0,1
OGI,g40,0,0,0,0,1
OGI,g42,0,0,0,0,1
OGI,g43,0,0,0,0,1
OGI,g44,0,0,0,0,1
OGI,g46,0,0,0,0,1
OGI,g47,0,0,0,0,1
OGI,g49,0,0,0,0,1
OGI,g4a,0,0,0,0,1
OGI,g4b,0,0,0,0,1
OGI,g4c,0,0,0,0,1
OGI,h01,0,0,0,0,0
OGI,h02,0,0,0,0,0
OGI,h03,0,0,0,0,0
OGI,h04,0,0,0,0,0
OGI,h08,0,0,0,0,0
OGI,h0a,0,0,0,0,0
OGI,h0b,0,0,0,0,0
OGI,h0c,0,0,0,0,0
OGI,h0i,0,0,0,0,0
OGI,h0j,0,0,0,0,0
OGI,h0l,0,0,0,0,0
OGI,h0m,0,0,0,0,0
OGI,h0n,0,0,0,0,0
OGI,h0q,0,0,0,0,0
OGI,h0r,0,0,0,0,0
OGI,h0t,0,0,0,0,1
OGI,h0z,0,0,0,0,1
OGI,h10,0,0,0,0,1
OGI,h11,0,0,0,0,1
OGI,h12,0,0,0,0,1
OGI,h13,0,0,0,0,1
OGI,h17,0,0,0,0,1
OGI,h19,0,0,0,0,1
OGI,h1b,0,0,0,0,1
OGI,h1c,0,0,0,0,1
OGI,h1d,0,0,0,0,1
OGI,h1h,0,0,0,0,1
OGI,h1j,0,0,0,0,1
OGI,h3j,0,0,0,0,1
OGI,h3k,0,0,0,0,1
OGI,h3l,0,0,0,0,1
OGI,h3m,0,0,0,0,1
OGI,h3n,0,0,0,0,1
OGI,h3o,0,0,0,0,1
OGI,h3p,0,0,0,0,1
OGI,h3q,0,0,0,0,1
OGI,h3r,0,0,0,0,1
OGI,h3s,0,0,0,0,1
OGI,h3t,0,0,0,0,1
OGI,h3u,0,0,0,0,1
OGI,h3v,0,0,0,0,1
OGI,h3w,0,0,0,0,1
OGI,h3x,0,0,0,0,1
OGI,h3y,0,0,0,0,1
OGI,h3z,0,0,0,0,1
OGI,h40,0,0,0,0,1
OGI,h41,0,0,0,0,1
OGI,h42,0,0,0,0,1
OGI,h43,0,0,0,0,1
OGI,h44,0,0,0,0,1
OGI,h45,0,0,0,0,1
OGI,h46,0,0,0,0,1
OGI,h47,0,0,0,0,1
OGI,h48,0,0,0,0,1
OGI,h49,0,0,0,0,1
OGI,i00,0,0,0,0,0
OGI,i02,0,0,0,0,0
OGI,i03,0,0,0,0,0
OGI,i04,0,0,0,0,0
OGI,i05,0,0,0,0,0
OGI,i06,0,0,0,0,0
OGI,i08,0,0,0,0,0
OGI,i0b,0,0,0,0,0
OGI,i0j,0,0,0,0,0
OGI,i0l,0,0,0,0,0
OGI,i0m,0,0,0,0,0
OGI,i0q,0,0,0,0,0
OGI,i0r,0,0,0,0,0
OGI,i0s,0,0,0,0,0
OGI,i0u,0,0,0,0,0
OGI,i0w,0,0,0,0,1
OGI,i0y,0,0,0,0,1
OGI,i10,0,0,0,0,1
OGI,i11,0,0,0,0,1
OGI,i14,0,0,0,0,1
OGI,i16,0,0,0,0,1
OGI,i18,0,0,0,0,1
OGI,i1b,0,0,0,0,1
OGI,i1c,0,0,0,0,1
OGI,i1e,0,0,0,0,1
OGI,i3d,0,0,0,0,1
OGI,i3e,0,0,0,0,1
OGI,i3f,0,0,0,0,1
OGI,i3g,0,0,0,0,1
OGI,i3h,0,0,0,0,1
OGI,i3i,0,0,0,0,1
OGI,i3j,0,0,0,0,1
OGI,i3k,0,0,0,0,1
OGI,i3l,0,0,0,0,1
OGI,i3m,0,0,0,0,1
OGI,i3n,0,0,0,0,1
OGI,i3o,0,0,0,0,1
OGI,i3p,0,0,0,0,1
OGI,i3q,0,0,0,0,1
OGI,i3r,0,0,0,0,1
OGI,i3s,0,0,0,0,1
OGI,i3t,0,0,0,0,1
OGI,i3u,0,0,0,0,1
OGI,i3v,0,0,0,0,1
OGI,i3w,0,0,0,0,1
OGI,i3x,0,0,0,0,1
OGI,i3y,0,0,0,0,1
OGI,i3z,0,0,0,0,1
OGI,i40,0,0,0,0,1
OGI,i41,0,0,0,0,1
OGI,i42,0,0,0,0,1
OGI,j00,0,0,0,0,0
OGI,j01,0,0,0,0,0
OGI,j02,0,0,0,0,0
OGI,j06,0,0,0,0,0
OGI,j09,0,0,0,0,0
OGI,j0c,0,0,0,0,0
OGI,j0j,0,0,0,0,0
OGI,j0k,0,0,0,0,0
OGI,j0l,0,0,0,0,0
OGI,j0m,0,0,0,0,0
OGI,j0n,0,0,0,0,0
OGI,j0p,0,0,0,0,0
OGI,j0s,0,0,0,0,0
OGI,j0t,0,0,0,0,0
OGI,j0u,0,0,0,0,0
OGI,j0y,0,0,0,0,1
OGI,j0z,0,0,0,0,1
OGI,j11,0,0,0,0,1
OGI,j12,0,0,0,0,1
OGI,j13,0,0,0,0,1
OGI,j1d,0,0,0,0,1
OGI,j2t,0,0,0,0,1
OGI,j2v,0,0,0,0,1
OGI,j2x,0,0,0,0,1
OGI,j2y,0,0,0,0,1
OGI,j2z,0,0,0,0,1
OGI,j30,0,0,0,0,1
OGI,j33,0,0,0,0,1
OGI,j35,0,0,0,0,1
OGI,j36,0,0,0,0,1
OGI,j37,0,0,0,0,1
OGI,j38,0,0,0,0,1
OGI,j3b,0,0,0,0,1
OGI,j3d,0,0,0,0,1
OGI,j3g,0,0,0,0,1
OGI,j3h,0,0,0,0,1
OGI,j3i,0,0,0,0,1
OGI,j3m,0,0,0,0,1
OGI,j3n,0,0,0,0,1
OGI,j3o,0,0,0,0,1
OGI,j3r,0,0,0,0,1
OGI,j3t,0,0,0,0,1
OGI,j3x,0,0,0,0,1
OGI,j3y,0,0,0,0,1
OGI,j3z,0,0,0,0,1
OGI,j40,0,0,0,0,1
OGI,j41,0,0,0,0,1
OGI,j43,0,0,0,0,1
OGI,j44,0,0,0,0,1
OGI,j45,0,0,0,0,1
OGI,k02,0,0,0,0,0
OGI,k03,0,0,0,0,0
OGI,k06,0,0,0,0,0
OGI,k08,0,0,0,0,0
OGI,k0a,0,0,0,0,0
OGI,k0e,0,0,0,0,0
OGI,k0h,0,0,0,0,0
OGI,k0i,0,0,0,0,0
OGI,k0j,0,0,0,0,0
OGI,k0k,0,0,0,0,0
OGI,k0l,0,0,0,0,0
OGI,k0m,0,0,0,0,0
OGI,k0o,0,0,0,0,0
OGI,k0q,0,0,0,0,0
OGI,k0s,0,0,0,0,0
OGI,k0u,0,0,0,0,1
OGI,k0v,0,0,0,0,1
OGI,k0w,0,0,0,0,1
OGI,k0y,0,0,0,0,1
OGI,k12,0,0,0,0,1
OGI,k13,0,0,0,0,1
OGI,k14,0,0,0,0,1
OGI,k17,0,0,0,0,1
OGI,k1b,0,0,0,0,1
OGI,k1e,0,0,0,0,1
OGI,k1g,0,0,0,0,1
OGI,k1h,0,0,0,0,1
OGI,k1j,0,0,0,0,1
OGI,k2s,0,0,0,0,1
OGI,k2u,0,0,0,0,1
OGI,k2v,0,0,0,0,1
OGI,k39,0,0,0,0,1
OGI,k3a,0,0,0,0,1
OGI,k3b,0,0,0,0,1
OGI,k3c,0,0,0,0,1
OGI,k3d,0,0,0,0,1
OGI,k3e,0,0,0,0,1
OGI,k3f,0,0,0,0,1
OGI,k3g,0,0,0,0,1
OGI,l01,0,0,0,0,0
OGI,l04,0,0,0,0,0
OGI,l07,0,0,0,0,0
OGI,l0a,0,0,0,0,0
OGI,l0c,0,0,0,0,0
OGI,l0e,0,0,0,0,0
OGI,l0f,0,0,0,0,0
OGI,l0h,0,0,0,0,0
OGI,l0k,0,0,0,0,0
OGI,l0l,0,0,0,0,0
OGI,l0p,0,0,0,0,0
OGI,l0t,0,0,0,0,0
OGI,l0v,0,0,0,0,0
OGI,l0x,0,0,0,0,0
OGI,l10,0,0,0,0,0
OGI,l14,0,0,0,0,1
OGI,l15,0,0,0,0,1
OGI,l17,0,0,0,0,1
OGI,l18,0,0,0,0,1
OGI,l1a,0,0,0,0,1
OGI,l1b,0,0,0,0,1
OGI,l1c,0,0,0,0,1
OGI,l1e,0,0,0,0,1
OGI,l1f,0,0,0,0,1
OGI,l1g,0,0,0,0,1
OGI,l2t,0,0,0,0,1
OGI,l2v,0,0,0,0,1
OGI,l2w,0,0,0,0,1
OGI,l2x,0,0,0,0,1
